id,url,title,price,price_m2_text,price_m2,rooms,square_m2,floor,floor_total,district,city,street,house_num,latitude,longitude,complex_id,complex_alias,complex_name,furniture,rent_renovation,priv_dorm,bathrooms_count,kitchen_studio,suited_for,full_description,photo_urls,photo_count,photo_set_hash,seller_type,owner_name,is_identity_confirmed,published_date,created_at,added_at,storage,scraped_at,reason,source,incoming_data_warnings,incoming_requires_manual_review,finish_type,red_flags,premium_markers,extra_attributes,requires_manual_review,llm_skipped_error
1014766086,https://krisha.kz/a/show/1014766086,4-комнатная квартира · 103 м² · 10 этаж,1500000.0,за месяц,14563,4,103.0,10,,Esilyskiy_r-n,Astana,Akmeshit,1,51.121317958178,71.424231906005,12515541,europecity,Europe City,полностью,"свежий ремонт, новая мебель",,,,,"топовая Локация 
Жк Europa Sity 
4 ком студия 
за подробностями в Direct 
имеется Видео. 
Аген Услуга 20% 
заезд после 25 числа. 
 
Евро-4-комнатная квартира с современной планировкой: две просторные спальни, отдельный кабинет, светлая кухня-гостевая и две санузла. 
Квартира после нового дизайнерского ремонта, выпущенного в современном стиле с использованием качественных материалов. Светлый интерьер. Идеальный вариант для Вас","[""https://krisha-photos.kcdn.online/webp/e7/e7e24f2f-f797-4add-92ad-eef34eb580b6/2-full.jpg"", ""https://krisha-photos.kcdn.online/webp/e7/e7e24f2f-f797-4add-92ad-eef34eb580b6/1-full.jpg"", ""https://krisha-photos.kcdn.online/webp/e7/e7e24f2f-f797-4add-92ad-eef34eb580b6/3-full.jpg"", ""https://krisha-photos.kcdn.online/webp/e7/e7e24f2f-f797-4add-92ad-eef34eb580b6/4-full.jpg"", ""https://krisha-photos.kcdn.online/webp/e7/e7e24f2f-f797-4add-92ad-eef34eb580b6/5-full.jpg"", ""https://krisha-photos.kcdn.online/webp/e7/e7e24f2f-f797-4add-92ad-eef34eb580b6/6-full.jpg"", ""https://krisha-photos.kcdn.online/webp/e7/e7e24f2f-f797-4add-92ad-eef34eb580b6/7-full.jpg"", ""https://krisha-photos.kcdn.online/webp/e7/e7e24f2f-f797-4add-92ad-eef34eb580b6/8-full.jpg"", ""https://krisha-photos.kcdn.online/webp/e7/e7e24f2f-f797-4add-92ad-eef34eb580b6/9-full.jpg"", ""https://krisha-photos.kcdn.online/webp/e7/e7e24f2f-f797-4add-92ad-eef34eb580b6/10-full.jpg"", ""https://krisha-photos.kcdn.online/webp/e7/e7e24f2f-f797-4add-92ad-eef34eb580b6/11-full.jpg"", ""https://krisha-photos.kcdn.online/webp/e7/e7e24f2f-f797-4add-92ad-eef34eb580b6/12-full.jpg"", ""https://krisha-photos.kcdn.online/webp/e7/e7e24f2f-f797-4add-92ad-eef34eb580b6/13-full.jpg""]",13,8ce4704d9038d86fc467afbf8c50f0370ae55c7de119501cb37d1c3a5f165848,,"Кузембаев Ерке, компания «PRIDE LTD»",False,2026-08-23,2026-08-12,2026-08-23,live,2026-08-23T14:59:47+00:00,new,fast_track,[],False,чистовая,[],"[""дизайнерский ремонт"", ""евроремонт"", ""свежий ремонт"", ""новая мебель""]","{""metro"": ""Локация топовая, ЖК Europa Sity"", ""pets"": ""не указано"", ""parking"": ""не указано"", ""view"": ""не указано"", ""balcony"": ""не указано"", ""security"": ""не указано""}",False,False
1015071680,https://krisha.kz/a/show/1015071680,1-комнатная квартира · 39 м² · 9/9 этаж,200000.0,за месяц,5128,1,39.0,9,9,Sarayshyk_r-n,Astana,Amanzhol_Bolekpaev,22,51.120645958455,71.510228747027,14068165,aibike,Айбике,,,нет,,,,,[],0,,,Хозяин,False,2026-08-23,2026-08-23,2026-08-23,live,2026-08-23T14:59:49+00:00,new,fast_track,"[""no_description""]",False,,[],[],{},False,False
1015071632,https://krisha.kz/a/show/1015071632,2-комнатная квартира · 53 м² · 8/12 этаж,300000.0,за месяц,5660,2,53.0,8,12,Esilyskiy_r-n,Astana,Aly_Farabi,7,51.099911298929,71.451188409301,17969797,zhanaomir,Zhana Omyr,полностью,"свежий ремонт, новая мебель",,,,,"Сдаётся светлая и уютная квартира в Есильском районе Астаны. 
 
📐 Площадь: 53 м² Евродвушка 
🏢 Этаж: 8 
💰 Стоимость: 300 000 ₸/месяц + коммунальные услуги 
🔐 Депозит: 50 000 ₸ 
🚗 Парковка: есть 
 
Квартира полностью готова к комфортному проживанию. Есть необходимая мебель и бытовая техника, кроме телевизора. 
 
✨ Отличный вариант для тех, кто ценит комфорт и удобное расположение.

Дом ориентировочно находится возле Бухар Жырау","[""https://krisha-photos.kcdn.online/webp/f8/f85a7075-1ab8-476a-b506-d9a20f212845/1-full.jpg"", ""https://krisha-photos.kcdn.online/webp/f8/f85a7075-1ab8-476a-b506-d9a20f212845/2-full.jpg"", ""https://krisha-photos.kcdn.online/webp/f8/f85a7075-1ab8-476a-b506-d9a20f212845/3-full.jpg"", ""https://krisha-photos.kcdn.online/webp/f8/f85a7075-1ab8-476a-b506-d9a20f212845/4-full.jpg"", ""https://krisha-photos.kcdn.online/webp/f8/f85a7075-1ab8-476a-b506-d9a20f212845/5-full.jpg"", ""https://krisha-photos.kcdn.online/webp/f8/f85a7075-1ab8-476a-b506-d9a20f212845/6-full.jpg"", ""https://krisha-photos.kcdn.online/webp/f8/f85a7075-1ab8-476a-b506-d9a20f212845/7-full.jpg"", ""https://krisha-photos.kcdn.online/webp/f8/f85a7075-1ab8-476a-b506-d9a20f212845/8-full.jpg"", ""https://krisha-photos.kcdn.online/webp/f8/f85a7075-1ab8-476a-b506-d9a20f212845/9-full.jpg"", ""https://krisha-photos.kcdn.online/webp/f8/f85a7075-1ab8-476a-b506-d9a20f212845/10-full.jpg"", ""https://krisha-photos.kcdn.online/webp/f8/f85a7075-1ab8-476a-b506-d9a20f212845/11-full.jpg"", ""https://krisha-photos.kcdn.online/webp/f8/f85a7075-1ab8-476a-b506-d9a20f212845/12-full.jpg"", ""https://krisha-photos.kcdn.online/webp/f8/f85a7075-1ab8-476a-b506-d9a20f212845/13-full.jpg"", ""https://krisha-photos.kcdn.online/webp/f8/f85a7075-1ab8-476a-b506-d9a20f212845/14-full.jpg"", ""https://krisha-photos.kcdn.online/webp/f8/f85a7075-1ab8-476a-b506-d9a20f212845/15-full.jpg"", ""https://krisha-photos.kcdn.online/webp/f8/f85a7075-1ab8-476a-b506-d9a20f212845/16-full.jpg"", ""https://krisha-photos.kcdn.online/webp/f8/f85a7075-1ab8-476a-b506-d9a20f212845/17-full.jpg"", ""https://krisha-photos.kcdn.online/webp/f8/f85a7075-1ab8-476a-b506-d9a20f212845/18-full.jpg"", ""https://krisha-photos.kcdn.online/webp/f8/f85a7075-1ab8-476a-b506-d9a20f212845/19-full.jpg"", ""https://krisha-photos.kcdn.online/webp/f8/f85a7075-1ab8-476a-b506-d9a20f212845/20-full.jpg"", ""https://krisha-photos.kcdn.online/webp/f8/f85a7075-1ab8-476a-b506-d9a20f212845/21-full.jpg"", ""https://krisha-photos.kcdn.online/webp/f8/f85a7075-1ab8-476a-b506-d9a20f212845/22-full.jpg"", ""https://krisha-photos.kcdn.online/webp/f8/f85a7075-1ab8-476a-b506-d9a20f212845/23-full.jpg"", ""https://krisha-photos.kcdn.online/webp/f8/f85a7075-1ab8-476a-b506-d9a20f212845/24-full.jpg"", ""https://krisha-photos.kcdn.online/webp/f8/f85a7075-1ab8-476a-b506-d9a20f212845/25-full.jpg"", ""https://krisha-photos.kcdn.online/webp/f8/f85a7075-1ab8-476a-b506-d9a20f212845/26-full.jpg"", ""https://krisha-photos.kcdn.online/webp/f8/f85a7075-1ab8-476a-b506-d9a20f212845/27-full.jpg"", ""https://krisha-photos.kcdn.online/webp/f8/f85a7075-1ab8-476a-b506-d9a20f212845/28-full.jpg"", ""https://krisha-photos.kcdn.online/webp/f8/f85a7075-1ab8-476a-b506-d9a20f212845/29-full.jpg"", ""https://krisha-photos.kcdn.online/webp/f8/f85a7075-1ab8-476a-b506-d9a20f212845/30-full.jpg"", ""https://krisha-photos.kcdn.online/webp/f8/f85a7075-1ab8-476a-b506-d9a20f212845/31-full.jpg"", ""https://krisha-photos.kcdn.online/webp/f8/f85a7075-1ab8-476a-b506-d9a20f212845/32-full.jpg"", ""https://krisha-photos.kcdn.online/webp/f8/f85a7075-1ab8-476a-b506-d9a20f212845/33-full.jpg"", ""https://krisha-photos.kcdn.online/webp/f8/f85a7075-1ab8-476a-b506-d9a20f212845/34-full.jpg"", ""https://krisha-photos.kcdn.online/webp/f8/f85a7075-1ab8-476a-b506-d9a20f212845/35-full.jpg"", ""https://krisha-photos.kcdn.online/webp/f8/f85a7075-1ab8-476a-b506-d9a20f212845/36-full.jpg"", ""https://krisha-photos.kcdn.online/webp/f8/f85a7075-1ab8-476a-b506-d9a20f212845/37-full.jpg"", ""https://krisha-photos.kcdn.online/webp/f8/f85a7075-1ab8-476a-b506-d9a20f212845/38-full.jpg"", ""https://krisha-photos.kcdn.online/webp/f8/f85a7075-1ab8-476a-b506-d9a20f212845/39-full.jpg""]",39,c0ec4f9ae69ed7d1e00196c4645a98b2368c2cab2365373c8ebe50db34ed0902,,Хозяин,False,2026-08-23,2026-08-23,2026-08-23,live,2026-08-23T14:59:50+00:00,new,fast_track,[],False,,[],[],{},False,True
