id,url,title,price,price_m2_text,price_m2,rooms,square_m2,floor,floor_total,district,city,street,house_num,latitude,longitude,complex_id,complex_alias,complex_name,furniture,rent_renovation,priv_dorm,bathrooms_count,kitchen_studio,suited_for,full_description,photo_urls,photo_count,photo_set_hash,seller_type,owner_name,is_identity_confirmed,published_date,created_at,added_at,storage,scraped_at,reason,source,incoming_data_warnings,incoming_requires_manual_review,finish_type,red_flags,premium_markers,extra_attributes,requires_manual_review,llm_skipped_error,status,verdict,verdict_reason,finish_bucket,price_segment,cohort_level,cohort_size,cohort_dispersion,confidence_weight,benchmark_confidence,is_extreme_floor,floor_adjustment_factor,base_price_m2,base_price_m2_corrected,diff_pct,robust_z,value_score,quality_evidence_score,price_quality_score,price_quality_label,data_confidence,seller_class,seller_confidence,seller_reason,data_warnings
1014874096,https://krisha.kz/a/show/1014874096,1-комнатная квартира · 40 м² · 3/9 этаж,180000.0,за месяц,4500,1,40.0,3,9,,Astana,Bolekpaeva,10/1,51.122032069675,71.497574090215,,,,полностью,,,,,,"⚠️ Агентство недвижимости 
депозит 30 тыс 
 Комиссия 60 тыс 
 Коммунальные услуги оплачиваются отдельно. 
 
✔️ Преимущества района: 
 • Отличная транспортная развязка. 
 • В шаговой доступности магазины, супермаркеты, школы, детские сады, аптеки, кафе, рестораны и больницы. 
 
✔️ О квартире: 
 • Светлая, уютная, просторная и очень тёплая. 
 
💎 Наши гарантии: 
 • Полное юридическое сопровождение сделки. 
 • Полная безопасность и прозрачность на всех этапах. 
 
📞 Звоните или пишите, будем рады ответить на все возникшие вопросы! 
с 9:00 до 22:00.

Дом ориентировочно находится возле ЖК Сказка","[""https://krisha-photos.kcdn.online/webp/01/01417623-99d9-4709-9f00-636bfcf66af8/12-full.jpg"", ""https://krisha-photos.kcdn.online/webp/01/01417623-99d9-4709-9f00-636bfcf66af8/13-full.jpg"", ""https://krisha-photos.kcdn.online/webp/01/01417623-99d9-4709-9f00-636bfcf66af8/14-full.jpg"", ""https://krisha-photos.kcdn.online/webp/01/01417623-99d9-4709-9f00-636bfcf66af8/15-full.jpg"", ""https://krisha-photos.kcdn.online/webp/01/01417623-99d9-4709-9f00-636bfcf66af8/16-full.jpg"", ""https://krisha-photos.kcdn.online/webp/01/01417623-99d9-4709-9f00-636bfcf66af8/17-full.jpg"", ""https://krisha-photos.kcdn.online/webp/01/01417623-99d9-4709-9f00-636bfcf66af8/18-full.jpg"", ""https://krisha-photos.kcdn.online/webp/01/01417623-99d9-4709-9f00-636bfcf66af8/19-full.jpg"", ""https://krisha-photos.kcdn.online/webp/01/01417623-99d9-4709-9f00-636bfcf66af8/20-full.jpg""]",9,1b1d960dbebe74e752b9e346b4d681d4cb662b8331f87257e15f4e844d032c8d,,Мустафина Дана,False,2026-08-23,2026-08-17,2026-08-23,live,2026-08-23T17:00:11+00:00,new,fast_track,[],False,,[],"[""мебель: полностью""]","{""metro"": ""в шаговой доступности"", ""view"": ""светлая, уютная, просторная и очень тёплая""}",False,False,scored,НАХОДКА,цена ниже скорректированной базы на 15.2%,unknown,эконом,4,106,0.1639,1.0,0.857,False,1.0,5306.5,5306.5,0.152,-1.23,100.0,65.5,90.1,сильное цена/качество; состояние не подтверждено текстом,0.9,agent,0.8,указано конкретное имя вместо 'Хозяин',finish_type_неизвестен;риелтор_или_агентство
1015060749,https://krisha.kz/a/show/1015060749,1-комнатная квартира · 40 м² · 6/9 этаж,250000.0,за месяц,6250,1,40.0,6,9,Nura_r-n,Astana,E_430_ulitsa,2/4,51.14709303593,71.363872068863,21839107,alatauecopark,Alatau Eco Park,полностью,"свежий ремонт, новая мебель",,,,,"фото реальные настоящие 100 процентов риэлторские услуги 20 процентов топовая локация рядом школа детский сад и университет КазГЮА, квартира абсолютно новая ранее не сдавалось, все новое техника мебель все на гарантии","[""https://krisha-photos.kcdn.online/webp/d2/d219c884-c3d4-4c65-9381-7db8680b4ce0/1-full.jpg"", ""https://krisha-photos.kcdn.online/webp/d2/d219c884-c3d4-4c65-9381-7db8680b4ce0/2-full.jpg"", ""https://krisha-photos.kcdn.online/webp/d2/d219c884-c3d4-4c65-9381-7db8680b4ce0/3-full.jpg"", ""https://krisha-photos.kcdn.online/webp/d2/d219c884-c3d4-4c65-9381-7db8680b4ce0/4-full.jpg"", ""https://krisha-photos.kcdn.online/webp/d2/d219c884-c3d4-4c65-9381-7db8680b4ce0/5-full.jpg"", ""https://krisha-photos.kcdn.online/webp/d2/d219c884-c3d4-4c65-9381-7db8680b4ce0/6-full.jpg"", ""https://krisha-photos.kcdn.online/webp/d2/d219c884-c3d4-4c65-9381-7db8680b4ce0/7-full.jpg"", ""https://krisha-photos.kcdn.online/webp/d2/d219c884-c3d4-4c65-9381-7db8680b4ce0/8-full.jpg"", ""https://krisha-photos.kcdn.online/webp/d2/d219c884-c3d4-4c65-9381-7db8680b4ce0/9-full.jpg"", ""https://krisha-photos.kcdn.online/webp/d2/d219c884-c3d4-4c65-9381-7db8680b4ce0/10-full.jpg"", ""https://krisha-photos.kcdn.online/webp/d2/d219c884-c3d4-4c65-9381-7db8680b4ce0/11-full.jpg"", ""https://krisha-photos.kcdn.online/webp/d2/d219c884-c3d4-4c65-9381-7db8680b4ce0/12-full.jpg"", ""https://krisha-photos.kcdn.online/webp/d2/d219c884-c3d4-4c65-9381-7db8680b4ce0/13-full.jpg"", ""https://krisha-photos.kcdn.online/webp/d2/d219c884-c3d4-4c65-9381-7db8680b4ce0/14-full.jpg"", ""https://krisha-photos.kcdn.online/webp/d2/d219c884-c3d4-4c65-9381-7db8680b4ce0/15-full.jpg"", ""https://krisha-photos.kcdn.online/webp/d2/d219c884-c3d4-4c65-9381-7db8680b4ce0/16-full.jpg""]",16,6873899dc386a57df91cf0ea11882adb897ae43b5cef2be3b11e98a2539f936e,,Gold,True,2026-08-23,2026-08-23,2026-08-23,live,2026-08-23T17:00:13+00:00,new,fast_track,[],False,чистовая,[],"[""новая мебель"", ""свежий ремонт""]","{""metro"": ""рядом университет КазГЮА"", ""school"": ""рядом школа и детский сад"", ""pets"": ""не указано"", ""parking"": ""не указано"", ""view"": ""не указано"", ""security"": ""не указано"", ""balcony"": ""не указано""}",False,False,scored,ПЕРЕОЦЕНЕНА,цена выше скорректированной базы на 12.0%,finished,комфорт,4,57,0.2849,1.0,0.857,False,1.0,5581.0,5581.0,-0.1199,0.64,0.0,90.1,31.5,слабое цена/качество,1.0,agent,0.8,указано конкретное имя вместо 'Хозяин',риелтор_или_агентство
